text,href,tag_type
ð¥Artisan,https://go.coldiq.com/artisan,https://cdn.prod.website-files.com/5ff75c18fc5ef3eb28dd5ad6/6673ef99b05aa4ef618ccff9_Artisan-AI.png
ð¥ Unify,https://go.coldiq.com/unify,https://cdn.prod.website-files.com/5ff75c18fc5ef3eb28dd5ad6/666989a6de5aaa3c37fa549a_Unify.jpeg
ð¥ Common Room,https://go.coldiq.com/commonroom,https://cdn.prod.website-files.com/5ff75c18fc5ef3eb28dd5ad6/6592a4b47186680090094138_Common-Room.avif
Clay,http://coldiq.com/tools/clay,https://cdn.prod.website-files.com/5ff75c18fc5ef3eb28dd5ad6/63e0c0938b6096515e528a84_Clay.avif
Octave,https://go.coldiq.com/octave,https://cdn.prod.website-files.com/5ff75c18fc5ef3eb28dd5ad6/660dab39c0a237ba0b533b48_Octave.jpeg
Relevance AI,https://go.coldiq.com/relevance-ai,https://cdn.prod.website-files.com/5ff75c18fc5ef3eb28dd5ad6/65c60bdae9299ef30f344a4d_Relevance-ai.avif
Bardeen Agent,https://go.coldiq.com/bardeen,https://cdn.prod.website-files.com/5ff75c18fc5ef3eb28dd5ad6/6443f8d212cafd119893b15c_Bardeen.jpeg
Trigify,https://go.coldiq.com/trigify,https://cdn.prod.website-files.com/5ff75c18fc5ef3eb28dd5ad6/65760a06396cdcb6103b688d_Trigify.avif
11x,https://go.coldiq.com/11x,https://cdn.prod.website-files.com/5ff75c18fc5ef3eb28dd5ad6/66295e31805b003cc1e34fe9_11x.jpeg
CustomGPT,https://go.coldiq.com/customgpt,https://cdn.prod.website-files.com/5ff75c18fc5ef3eb28dd5ad6/665ab50204b7d9cbbc77920e_Custom-GPT.png
Superagent,https://go.coldiq.com/superagent,https://cdn.prod.website-files.com/5ff75c18fc5ef3eb28dd5ad6/6613e486ed074b2f2efa202c_superagent%20(1).jpeg
Spell,https://go.coldiq.com/spell,https://cdn.prod.website-files.com/5ff75c18fc5ef3eb28dd5ad6/64fa952e3dc59b592a44d776_Spell-so.jpeg
Lindy,https://go.coldiq.com/lindy,https://cdn.prod.website-files.com/5ff75c18fc5ef3eb28dd5ad6/65531c5c8b8f5caf6726224a_Lindy.jpeg
Topo,https://go.coldiq.com/topo,https://cdn.prod.website-files.com/5ff75c18fc5ef3eb28dd5ad6/659ec7dfa8f8673e54baf1e8_Topo.jpg
Overloop.ai,https://go.coldiq.com/overloop.ai,https://cdn.prod.website-files.com/5ff75c18fc5ef3eb28dd5ad6/66bb40084c9a541664ffca34_overloop-ai.svg
Actively AI,https://go.coldiq.com/actively,https://cdn.prod.website-files.com/5ff75c18fc5ef3eb28dd5ad6/6661235d84e6c3f2f340b610_Actively-AI.png
Induced,https://go.coldiq.com/induced,https://cdn.prod.website-files.com/5ff75c18fc5ef3eb28dd5ad6/665542089531dcf5bef3288c_InducedAI.jpeg
Agent AI,https://go.coldiq.com/agent-ai,https://cdn.prod.website-files.com/5ff75c18fc5ef3eb28dd5ad6/66ec3497f6fa0ad9b6699493_agent-ai.avif
Bella,https://go.coldiq.com/bella,https://cdn.prod.website-files.com/5ff75c18fc5ef3eb28dd5ad6/666223049f83e815b1dd7724_Bella.jpeg
Botsonic,https://go.coldiq.com/botsonic,https://cdn.prod.website-files.com/5ff75c18fc5ef3eb28dd5ad6/6681b6ead5585e21412a248d_Botsonic.jpg
Leadmatic,https://go.coldiq.com/leadmatic,https://cdn.prod.website-files.com/5ff75c18fc5ef3eb28dd5ad6/66818b880b84fa9ff5cc0a2f_leadmatic.jpg
EmailFlow.ai,https://go.coldiq.com/emailflow,https://cdn.prod.website-files.com/5ff75c18fc5ef3eb28dd5ad6/66c54803238a7b6f180a1f94_EmailFlow.avif
Mindpal,https://go.coldiq.com/mindpal,https://cdn.prod.website-files.com/5ff75c18fc5ef3eb28dd5ad6/66c54926c7ee9775988b2ebe_MindPal.jpg
GPTBots.ai,https://go.coldiq.com/gptbots,https://cdn.prod.website-files.com/5ff75c18fc5ef3eb28dd5ad6/66c54a153fe7cd245670aea8_GPTBots.jpg
Lyzr,https://go.coldiq.com/lyzr,https://cdn.prod.website-files.com/5ff75c18fc5ef3eb28dd5ad6/66c54b061c2b23cf076ca804_lyzr.avif
Uman,https://go.coldiq.com/uman,https://cdn.prod.website-files.com/5ff75c18fc5ef3eb28dd5ad6/66da9ac5a90fb1518232a6be_Uman.jpeg
Paradigm,https://go.coldiq.com/paradigm,https://cdn.prod.website-files.com/5ff75c18fc5ef3eb28dd5ad6/66e7c183956dce73f1c47fca_Paradigm-ai.webp
ð¥Attention,https://go.coldiq.com/attention,https://cdn.prod.website-files.com/5ff75c18fc5ef3eb28dd5ad6/67350ef70a7195d2f1a43794_attention-jpg.png
ð¥ Unify,https://go.coldiq.com/unify,https://cdn.prod.website-files.com/5ff75c18fc5ef3eb28dd5ad6/666989a6de5aaa3c37fa549a_Unify.jpeg
ð¥ Artisan,https://go.coldiq.com/artisan,https://cdn.prod.website-files.com/5ff75c18fc5ef3eb28dd5ad6/6673ef99b05aa4ef618ccff9_Artisan-AI.png
Aomni,https://go.coldiq.com/aomni,https://cdn.prod.website-files.com/5ff75c18fc5ef3eb28dd5ad6/64f74a0cdafa32517148d2bc_aomni.avif
Jason,https://go.coldiq.com/jason,https://cdn.prod.website-files.com/5ff75c18fc5ef3eb28dd5ad6/64fa8992e1e2abfe667cf0e1_reply-io.avif
Tubular,https://go.coldiq.com/tubular,https://cdn.prod.website-files.com/5ff75c18fc5ef3eb28dd5ad6/65fb318dbb77b2720e89b18c_Tubular-io.jpeg
Managr,https://go.coldiq.com/managr,https://cdn.prod.website-files.com/5ff75c18fc5ef3eb28dd5ad6/6453b198ae4876a2f4f171a6_Managr.jpeg
Veloxy,https://go.coldiq.com/veloxy,https://cdn.prod.website-files.com/5ff75c18fc5ef3eb28dd5ad6/6453b1c141124dd2a013c2d8_Veloxy.avif
Overloop.ai,https://go.coldiq.com/overloop.ai,https://cdn.prod.website-files.com/5ff75c18fc5ef3eb28dd5ad6/66bb40084c9a541664ffca34_overloop-ai.svg
Pod,https://go.coldiq.com/pod,https://cdn.prod.website-files.com/5ff75c18fc5ef3eb28dd5ad6/6453b1fe66edcbed60b72dc5_Pod.avif
ChatSpot,https://go.coldiq.com/chatspot,https://cdn.prod.website-files.com/5ff75c18fc5ef3eb28dd5ad6/646a774ac550b934451a2b4a_ChatSpot.avif
WINN,https://go.coldiq.com/winn,https://cdn.prod.website-files.com/5ff75c18fc5ef3eb28dd5ad6/64b52985e72d81d587833d00_Winn.jpeg
Magical,https://go.coldiq.com/magical,https://cdn.prod.website-files.com/5ff75c18fc5ef3eb28dd5ad6/64d2a1f699c7883ee011912f_Magical.jpeg
Oliv AI,https://go.coldiq.com/oliv,https://cdn.prod.website-files.com/5ff75c18fc5ef3eb28dd5ad6/64d2a8970af11e8e2c3253ff_Oliv-ai-icon.jpeg
Exceed.ai,https://go.coldiq.com/exceed,https://cdn.prod.website-files.com/5ff75c18fc5ef3eb28dd5ad6/64f74c06248e0832bb64b395_exceed-ai.avif
Conversica,https://go.coldiq.com/conversica,https://cdn.prod.website-files.com/5ff75c18fc5ef3eb28dd5ad6/64f74c6f93e28478fdb69e70_conversica.jpg
Workbounce,https://go.coldiq.com/workbounce,https://cdn.prod.website-files.com/5ff75c18fc5ef3eb28dd5ad6/64fa8ae378a92d721c47d0b5_Workbounce.avif
Drafter,https://go.coldiq.com/drafter,https://cdn.prod.website-files.com/5ff75c18fc5ef3eb28dd5ad6/64fa8b4fdeed167ebaf9f834_Drafter-ai.jpeg
Spell,https://go.coldiq.com/spell,https://cdn.prod.website-files.com/5ff75c18fc5ef3eb28dd5ad6/64fa952e3dc59b592a44d776_Spell-so.jpeg
Lindy.ai,https://go.coldiq.com/lindy,https://cdn.prod.website-files.com/5ff75c18fc5ef3eb28dd5ad6/65531c5c8b8f5caf6726224a_Lindy.jpeg
Glean,https://go.coldiq.com/glean,https://cdn.prod.website-files.com/5ff75c18fc5ef3eb28dd5ad6/652bdbaaf9121f403b191f98_Glean.webp
Highspot,https://go.coldiq.com/highspot,https://cdn.prod.website-files.com/5ff75c18fc5ef3eb28dd5ad6/655f8fd78f5105f8005a2a6b_Highspot.avif
Salesken,https://go.coldiq.com/salesken,https://cdn.prod.website-files.com/5ff75c18fc5ef3eb28dd5ad6/655f82d6d7ee446116b4fe1d_Salesken.jpg
Data Parrot,https://go.coldiq.com/dataparrot,https://cdn.prod.website-files.com/5ff75c18fc5ef3eb28dd5ad6/655f90c69f21969d91b3a2d2_Data-Parrot.jpeg
Edward.ai,https://go.coldiq.com/edward,https://cdn.prod.website-files.com/5ff75c18fc5ef3eb28dd5ad6/655f93aad67644761230e819_Edward.jpeg
Zenfetch,https://go.coldiq.com/zenfetch,https://cdn.prod.website-files.com/5ff75c18fc5ef3eb28dd5ad6/655f94e2bfc3badaf5148433_Zenfetch.jpeg
Mem.ai,https://go.coldiq.com/mem,https://cdn.prod.website-files.com/5ff75c18fc5ef3eb28dd5ad6/655f97dbcf4ae8c253a350cc_Mem-ai.jpg
Motion,https://go.coldiq.com/motion,https://cdn.prod.website-files.com/5ff75c18fc5ef3eb28dd5ad6/655f990ff47ead0cbc77ffbd_Motion.jpg
Verse.ai,https://go.coldiq.com/verse,https://cdn.prod.website-files.com/5ff75c18fc5ef3eb28dd5ad6/655f99732dbab744e92915ba_Verse.jpeg
ChatHelp.ai,https://go.coldiq.com/chathelp,https://cdn.prod.website-files.com/5ff75c18fc5ef3eb28dd5ad6/65623cdd43c436614ffed63a_ChatHelp-ai.avif
1up,https://go.coldiq.com/1up,https://cdn.prod.website-files.com/5ff75c18fc5ef3eb28dd5ad6/65645d788f99234fc0a4be0e_1up.avif
Fyxer AI,https://go.coldiq.com/fyxer,https://cdn.prod.website-files.com/5ff75c18fc5ef3eb28dd5ad6/65c3b036983b13901e374fca_Fyxer.png
Sellestial,https://go.coldiq.com/sellestial,https://cdn.prod.website-files.com/5ff75c18fc5ef3eb28dd5ad6/656ec7da8e762c75437ec714_Sellestial.avif
Sypher,https://go.coldiq.com/sypher,https://cdn.prod.website-files.com/5ff75c18fc5ef3eb28dd5ad6/657a480cf6422b57a03ee9c2_Sypher.avif
SellMeThisPen,https://go.coldiq.com/sellmethispen,https://cdn.prod.website-files.com/5ff75c18fc5ef3eb28dd5ad6/6582927db0aac62fc23b0722_SellMeThisPen.webp
Merlin AI,https://go.coldiq.com/merlin,https://cdn.prod.website-files.com/5ff75c18fc5ef3eb28dd5ad6/659ed59f76fe170a33afc20d_Merlin-AI.avif
Zia,https://go.coldiq.com/zia,https://cdn.prod.website-files.com/5ff75c18fc5ef3eb28dd5ad6/65a66578409992e6d2221841_Zia.avif
Mediafly,https://go.coldiq.com/mediafly,https://cdn.prod.website-files.com/5ff75c18fc5ef3eb28dd5ad6/65a66912306205532b259e93_Mediafly.avif
Troops,https://go.coldiq.com/troops,https://cdn.prod.website-files.com/5ff75c18fc5ef3eb28dd5ad6/65a6a8b58583fd70ffe5f6bf_Troops.avif
Rollio,https://go.coldiq.com/rollio,https://cdn.prod.website-files.com/5ff75c18fc5ef3eb28dd5ad6/65a6d205b54bdbbf0061cfa8_Rollio.jpg
Accent,https://go.coldiq.com/accent,https://cdn.prod.website-files.com/5ff75c18fc5ef3eb28dd5ad6/65a82856d38d35165227b9a5_Accent.png
Dashworks,https://go.coldiq.com/dashworks,https://cdn.prod.website-files.com/5ff75c18fc5ef3eb28dd5ad6/65a82941fd5c4d05cab26654_Dashworks.jpg
Meera,https://go.coldiq.com/meera,https://cdn.prod.website-files.com/5ff75c18fc5ef3eb28dd5ad6/65a82efada7663c862f709b7_Meera.webp
OpTonal,https://go.coldiq.com/optonal,https://cdn.prod.website-files.com/5ff75c18fc5ef3eb28dd5ad6/65a82f7e56a64b51b0c4f13a_OpTonal.jpg
7Targets,https://go.coldiq.com/7targets,https://cdn.prod.website-files.com/5ff75c18fc5ef3eb28dd5ad6/65a83625a4e4a9c0e5d2f498_7Targets.jpg
Notesally,https://go.coldiq.com/notesally,https://cdn.prod.website-files.com/5ff75c18fc5ef3eb28dd5ad6/65a83935cbb38829d24e6291_Notesally.avif
Structurely,https://go.coldiq.com/structurely,https://cdn.prod.website-files.com/5ff75c18fc5ef3eb28dd5ad6/65a948ea9e1203a699793628_Structurely.avif
DealCoach,https://go.coldiq.com/dealcoach,https://cdn.prod.website-files.com/5ff75c18fc5ef3eb28dd5ad6/65c60b3f5b1ca9f7b9e2d74d_DealCoach.avif
Relevance AI,https://go.coldiq.com/relevance-ai,https://cdn.prod.website-files.com/5ff75c18fc5ef3eb28dd5ad6/65c60bdae9299ef30f344a4d_Relevance-ai.avif
Bearworks,https://go.coldiq.com/bearworks,https://cdn.prod.website-files.com/5ff75c18fc5ef3eb28dd5ad6/65e881f36dbedd8d5b79dc85_Bearworks.avif
Hume,https://go.coldiq.com/hume,https://cdn.prod.website-files.com/5ff75c18fc5ef3eb28dd5ad6/660c5b0e889881bee4cbb32b_Hume-AI.jpeg
Cresta,https://go.coldiq.com/cresta,https://cdn.prod.website-files.com/5ff75c18fc5ef3eb28dd5ad6/661c907b8d99b78ec3ee4d9c_Cresta.webp
Skil.AI,https://go.coldiq.com/skil,https://cdn.prod.website-files.com/5ff75c18fc5ef3eb28dd5ad6/661d2a345f9f5b518f443797_Skil-AI.webp
Lofty,https://go.coldiq.com/lofty,https://cdn.prod.website-files.com/5ff75c18fc5ef3eb28dd5ad6/662ccd3ef43e83e0b7f40478_Lofty.webp
Quilt,https://go.coldiq.com/quilt,https://cdn.prod.website-files.com/5ff75c18fc5ef3eb28dd5ad6/665b444cca4087c9c11b2a3e_Quilt.avif
Fluid AI,https://go.coldiq.com/fluid,https://cdn.prod.website-files.com/5ff75c18fc5ef3eb28dd5ad6/667642e0d0b72654f45a92a5_Fluid%20AI.jpg
Kalendar.AI,https://go.coldiq.com/kalendar,https://cdn.prod.website-files.com/5ff75c18fc5ef3eb28dd5ad6/64fc61a7ad4bc0f51d73e043_kalendar-ai.avif
Convirza,https://go.coldiq.com/convirza,https://cdn.prod.website-files.com/5ff75c18fc5ef3eb28dd5ad6/6679f269ad15e48dc29fc6dc_Convirza.avif
Assista,https://go.coldiq.com/assista,https://cdn.prod.website-files.com/5ff75c18fc5ef3eb28dd5ad6/667a0eff8a51516af2f45a28_assista_logo.jpg
Ayraa,https://go.coldiq.com/ayraa,https://cdn.prod.website-files.com/5ff75c18fc5ef3eb28dd5ad6/667a0ff9d487bddf9a362c12_ayraa_logo.jpg
Superwhisper,https://go.coldiq.com/superwhisper,https://cdn.prod.website-files.com/5ff75c18fc5ef3eb28dd5ad6/667b433c1b567aa6b91c4777_superwhisper_logo.jpg
Landbot,https://go.coldiq.com/landbot,https://cdn.prod.website-files.com/5ff75c18fc5ef3eb28dd5ad6/64d2a18afe2464e5b1a68a77_landbot-io.avif
Kenyt,https://go.coldiq.com/kenyt,https://cdn.prod.website-files.com/5ff75c18fc5ef3eb28dd5ad6/66238519b54cf9a0552760ce_Kenyt.jpeg
Convin,https://go.coldiq.com/convin,https://cdn.prod.website-files.com/5ff75c18fc5ef3eb28dd5ad6/655f81a019642c802b57813e_Convin.png
Aktify,https://go.coldiq.com/aktify,https://cdn.prod.website-files.com/5ff75c18fc5ef3eb28dd5ad6/66762f60c142b79bf65ce39f_Aktify.jpg
Salesbox,https://go.coldiq.com/salesbox,https://cdn.prod.website-files.com/5ff75c18fc5ef3eb28dd5ad6/662276998e7ff5ed09885725_SalesboxAI.jpeg
Klutch App,https://go.coldiq.com/klutch,https://cdn.prod.website-files.com/5ff75c18fc5ef3eb28dd5ad6/6681b0a6a817374a76dc0260_Klutch.avif
IBM watsonx,https://go.coldiq.com/watsonx,https://cdn.prod.website-files.com/5ff75c18fc5ef3eb28dd5ad6/6681b1660dca7d82420374ef_IBM%20Watsonx.jpg
Symbl.ai,https://go.coldiq.com/symbl,https://cdn.prod.website-files.com/5ff75c18fc5ef3eb28dd5ad6/6676491c41a3d94738eae215_symbl.avif
Nurture.ai,https://go.coldiq.com/teledrip,https://cdn.prod.website-files.com/5ff75c18fc5ef3eb28dd5ad6/6688996783397608f020450c_Nurture.avif
Regie.ai,https://go.coldiq.com/regie,https://cdn.prod.website-files.com/5ff75c18fc5ef3eb28dd5ad6/63ec7b37f0ed2164e44cfe1a_RegieAI.avif
Datahug,https://go.coldiq.com/datahug,https://cdn.prod.website-files.com/5ff75c18fc5ef3eb28dd5ad6/6688906a93250e3d765e7867_datahug_logo.jpg
GetVocal AI,https://go.coldiq.com/getvocal,https://cdn.prod.website-files.com/5ff75c18fc5ef3eb28dd5ad6/66835219a9ae2fd3dafb18dd_get%20vocal.jpg
Nayak,https://go.coldiq.com/nayak,https://cdn.prod.website-files.com/5ff75c18fc5ef3eb28dd5ad6/66c728a7f1609a3cfba5bc36_nayak.avif
ð¥Artisan,https://go.coldiq.com/artisan,https://cdn.prod.website-files.com/5ff75c18fc5ef3eb28dd5ad6/6673ef99b05aa4ef618ccff9_Artisan-AI.png
ð¥ Relevance AI,https://go.coldiq.com/relevance-ai,https://cdn.prod.website-files.com/5ff75c18fc5ef3eb28dd5ad6/65c60bdae9299ef30f344a4d_Relevance-ai.avif
ð¥ Jason AI,https://go.coldiq.com/jason,https://cdn.prod.website-files.com/5ff75c18fc5ef3eb28dd5ad6/64fa8992e1e2abfe667cf0e1_reply-io.avif
11x,https://go.coldiq.com/11x,https://cdn.prod.website-files.com/5ff75c18fc5ef3eb28dd5ad6/66295e31805b003cc1e34fe9_11x.jpeg
Topo,https://go.coldiq.com/topo,https://cdn.prod.website-files.com/5ff75c18fc5ef3eb28dd5ad6/659ec7dfa8f8673e54baf1e8_Topo.jpg
Overloop.ai,https://go.coldiq.com/overloop.ai,https://cdn.prod.website-files.com/5ff75c18fc5ef3eb28dd5ad6/66bb40084c9a541664ffca34_overloop-ai.svg
Actively AI,https://go.coldiq.com/actively,https://cdn.prod.website-files.com/5ff75c18fc5ef3eb28dd5ad6/6661235d84e6c3f2f340b610_Actively-AI.png
Bella,https://go.coldiq.com/bella,https://cdn.prod.website-files.com/5ff75c18fc5ef3eb28dd5ad6/666223049f83e815b1dd7724_Bella.jpeg
Meetz,https://go.coldiq.com/meetz,https://cdn.prod.website-files.com/5ff75c18fc5ef3eb28dd5ad6/642a00eef5406661a87f4692_Meetz.jpeg
Algomo,https://go.coldiq.com/algomo,https://cdn.prod.website-files.com/5ff75c18fc5ef3eb28dd5ad6/66c557684f67e00455f08275_Algomo.jpg
Sailes,https://go.coldiq.com/sailes,https://cdn.prod.website-files.com/5ff75c18fc5ef3eb28dd5ad6/669e50621253643e43b41bbe_Sailes.avif
AiSDR,https://go.coldiq.com/aisdr,https://cdn.prod.website-files.com/5ff75c18fc5ef3eb28dd5ad6/64f74b728656578e4558e95d_aisdr-icon.avif
B2B Â Rocket,https://go.coldiq.com/b2brocket,https://cdn.prod.website-files.com/5ff75c18fc5ef3eb28dd5ad6/66c55e261d8169ebfd697080_B2B%20Rocket.jpg
Lyzr,https://go.coldiq.com/lyzr,https://cdn.prod.website-files.com/5ff75c18fc5ef3eb28dd5ad6/66c54b061c2b23cf076ca804_lyzr.avif
Smartlead,https://go.coldiq.com/smartlead,https://cdn.prod.website-files.com/5ff75c18fc5ef3eb28dd5ad6/6346d6d809adae0b85e242fa_Smartlead-icon.avif
Mailreach,https://go.coldiq.com/mailreach,https://cdn.prod.website-files.com/5ff75c18fc5ef3eb28dd5ad6/6061033f1a0eb25098c03d66_F-Mailreach.avif
Scrubby,https://go.coldiq.com/scrubby,https://cdn.prod.website-files.com/5ff75c18fc5ef3eb28dd5ad6/64273926e23a16b5fa2da535_scrubby.jpg
Folderly,https://go.coldiq.com/folderly,https://cdn.prod.website-files.com/5ff75c18fc5ef3eb28dd5ad6/6538f32bcc50efb6a7d32b4b_Folderly.svg
Mailivery,https://go.coldiq.com/mailivery,https://cdn.prod.website-files.com/5ff75c18fc5ef3eb28dd5ad6/64337d963030fd6400dc5750_mailivery.avif
Pipl,https://go.coldiq.com/pipl,https://cdn.prod.website-files.com/5ff75c18fc5ef3eb28dd5ad6/66b0f1f2154f2b9ce7f43365_pipl.ai%20logo.svg
Tubular,https://go.coldiq.com/tubular,https://cdn.prod.website-files.com/5ff75c18fc5ef3eb28dd5ad6/65fb318dbb77b2720e89b18c_Tubular-io.jpeg
ð¥Qwilr,https://go.coldiq.com/qwilr,https://cdn.prod.website-files.com/5ff75c18fc5ef3eb28dd5ad6/608b0bdc9671ab14a5f37ecd_C-Qwirl.avif
Decktopus,https://go.coldiq.com/decktopus,https://cdn.prod.website-files.com/5ff75c18fc5ef3eb28dd5ad6/64448442b4a4ddd07d2937d3_Decktopus.avif
Tome,https://go.coldiq.com/tome,https://cdn.prod.website-files.com/5ff75c18fc5ef3eb28dd5ad6/6453fcbd3b40f0779b008a9b_Tome.avif
Gamma,https://go.coldiq.com/gamma,https://cdn.prod.website-files.com/5ff75c18fc5ef3eb28dd5ad6/64b2263d528b9b651d2a83ae_Gamma.avif
Storydoc,https://go.coldiq.com/storydoc,https://cdn.prod.website-files.com/5ff75c18fc5ef3eb28dd5ad6/6512fa98d2f8f55191364e03_storydoc.jpeg
Bricks.ai,https://go.coldiq.com/bricks,https://cdn.prod.website-files.com/5ff75c18fc5ef3eb28dd5ad6/6542f777027c6d19820c0192_Bricks.webp
Fluint,https://go.coldiq.com/fluint,https://cdn.prod.website-files.com/5ff75c18fc5ef3eb28dd5ad6/6542f7d48430056460ee6122_Fluint.jpeg
Journey,https://go.coldiq.com/journey,https://cdn.prod.website-files.com/5ff75c18fc5ef3eb28dd5ad6/64590fb8e80ddf437e2b9575_Journey.jpg
Beautiful.ai,https://go.coldiq.com/beautiful,https://cdn.prod.website-files.com/5ff75c18fc5ef3eb28dd5ad6/65433585e09886f0844716f8_Beautiful.avif
Arphie,https://go.coldiq.com/arphie,https://cdn.prod.website-files.com/5ff75c18fc5ef3eb28dd5ad6/665b0f753bd7536467528573_Arphie.jpeg
Unique,https://go.coldiq.com/unique,https://cdn.prod.website-files.com/5ff75c18fc5ef3eb28dd5ad6/6676297f41a3d94738d801cb_Unique.jpg
Kroma.ai,https://go.coldiq.com/kroma,https://cdn.prod.website-files.com/5ff75c18fc5ef3eb28dd5ad6/667e1da3baa7b4c26a17f97c_Kroma%20ai.png
Advisr,https://go.coldiq.com/advisr,https://cdn.prod.website-files.com/5ff75c18fc5ef3eb28dd5ad6/668189e1bc7b3552e6cc2c0a_advisr.jpg
ð¥Attention,https://go.coldiq.com/attention,https://cdn.prod.website-files.com/5ff75c18fc5ef3eb28dd5ad6/67350ef70a7195d2f1a43794_attention-jpg.png
ð¥ Common Room,https://go.coldiq.com/commonroom,https://cdn.prod.website-files.com/5ff75c18fc5ef3eb28dd5ad6/6592a4b47186680090094138_Common-Room.avif
ð¥ Clay,http://coldiq.com/tools/clay,https://cdn.prod.website-files.com/5ff75c18fc5ef3eb28dd5ad6/63e0c0938b6096515e528a84_Clay.avif
ð¥Unify,https://go.coldiq.com/unify,https://cdn.prod.website-files.com/5ff75c18fc5ef3eb28dd5ad6/666989a6de5aaa3c37fa549a_Unify.jpeg
ð¥ Common Room,https://go.coldiq.com/commonroom,https://cdn.prod.website-files.com/5ff75c18fc5ef3eb28dd5ad6/6592a4b47186680090094138_Common-Room.avif
ð¥ Clay,http://coldiq.com/tools/clay,https://cdn.prod.website-files.com/5ff75c18fc5ef3eb28dd5ad6/63e0c0938b6096515e528a84_Clay.avif
Artisan,https://go.coldiq.com/artisan,https://cdn.prod.website-files.com/5ff75c18fc5ef3eb28dd5ad6/6673ef99b05aa4ef618ccff9_Artisan-AI.png
Octave,https://go.coldiq.com/octave,https://cdn.prod.website-files.com/5ff75c18fc5ef3eb28dd5ad6/660dab39c0a237ba0b533b48_Octave.jpeg
Cargo,https://go.coldiq.com/cargo,https://cdn.prod.website-files.com/5ff75c18fc5ef3eb28dd5ad6/662934bd00958a75e1e5fa86_Cargo.avif
Persana,https://go.coldiq.com/persana,https://cdn.prod.website-files.com/5ff75c18fc5ef3eb28dd5ad6/66217f74aeb38558f073f245_Persana.webp
Bardeen,https://go.coldiq.com/bardeen,https://cdn.prod.website-files.com/5ff75c18fc5ef3eb28dd5ad6/6443f8d212cafd119893b15c_Bardeen.jpeg
Zapier,https://go.coldiq.com/zapier,https://cdn.prod.website-files.com/5ff75c18fc5ef3eb28dd5ad6/662943e5f7748d5cd5fc5ee8_Zapier.jpeg
Make,https://go.coldiq.com/make,https://cdn.prod.website-files.com/5ff75c18fc5ef3eb28dd5ad6/632ee78024771a820064a331_Make.avif
Overloop.ai,https://go.coldiq.com/overloop.ai,https://cdn.prod.website-files.com/5ff75c18fc5ef3eb28dd5ad6/66bb40084c9a541664ffca34_overloop-ai.svg
Default,https://go.coldiq.com/default,https://cdn.prod.website-files.com/5ff75c18fc5ef3eb28dd5ad6/64da40874fc9e4681acdbd04_Default-logo.jpeg
Tiga,https://go.coldiq.com/tiga,https://cdn.prod.website-files.com/5ff75c18fc5ef3eb28dd5ad6/665b302622303c4a3fe5769d_Tiga-AI.jpeg
Tether Data,https://go.coldiq.com/tetherdata,https://cdn.prod.website-files.com/5ff75c18fc5ef3eb28dd5ad6/665b0e26c9869c2aeb58f963_Tether%20Data.png
Capsule CRM,https://go.coldiq.com/capsule,https://cdn.prod.website-files.com/5ff75c18fc5ef3eb28dd5ad6/66819922a817374a76cb70cd_Capsule.jpg
Bitscale AI,https://go.coldiq.com/bitscale,https://cdn.prod.website-files.com/5ff75c18fc5ef3eb28dd5ad6/66c560d53fe7cd245685a9f2_Bitscale.jpg
ð¥Humanlinker,https://go.coldiq.com/humanlinker/extension,https://cdn.prod.website-files.com/5ff75c18fc5ef3eb28dd5ad6/63f70d959a104a778b8bb0c1_Humanlinker.jpeg
ð¥ FullEnrich,https://go.coldiq.com/fullenrich,https://cdn.prod.website-files.com/5ff75c18fc5ef3eb28dd5ad6/6570433522ae05f2577ffcbf_FullEnrich.jpg
Mighty,https://go.coldiq.com/mighty,https://cdn.prod.website-files.com/5ff75c18fc5ef3eb28dd5ad6/652e85e25e76c03c29793e0f_Mighty.jpg
Instant Data Scraper,https://go.coldiq.com/IDS,https://cdn.prod.website-files.com/5ff75c18fc5ef3eb28dd5ad6/63e0c09bf0e0e63a25595f4d_InstantDataScraper.jpeg
Extrovert,https://go.coldiq.com/extrovert,https://cdn.prod.website-files.com/5ff75c18fc5ef3eb28dd5ad6/66c55cc514ec85c30fc691e4_Extrovert.jpg
Lead Clipper,https://go.coldiq.com/leadclipper,https://cdn.prod.website-files.com/5ff75c18fc5ef3eb28dd5ad6/65299419af0e864ce199a3e7_OnePageCRM.avif
Vidu,https://go.coldiq.com/vidu,https://cdn.prod.website-files.com/5ff75c18fc5ef3eb28dd5ad6/6563303b39802fe6b6c140e6_Vidu.avif
AroundDeal,https://go.coldiq.com/arounddeal,https://cdn.prod.website-files.com/5ff75c18fc5ef3eb28dd5ad6/659eb3876be81cc43fa4cc9f_AroundDeal.jpg
Zymplify,https://go.coldiq.com/zymplify,https://cdn.prod.website-files.com/5ff75c18fc5ef3eb28dd5ad6/65a65d9f4e137df5ce88ca24_Zymplify.avif
6Sense,https://go.coldiq.com/6sense,https://cdn.prod.website-files.com/5ff75c18fc5ef3eb28dd5ad6/64275b246c28f46627d81347_6Sense.jpg
DealCoach,https://go.coldiq.com/dealcoach,https://cdn.prod.website-files.com/5ff75c18fc5ef3eb28dd5ad6/65c60b3f5b1ca9f7b9e2d74d_DealCoach.avif
BuzzBoard,https://go.coldiq.com/buzzboard,https://cdn.prod.website-files.com/5ff75c18fc5ef3eb28dd5ad6/662ce6f26d259385b0de7615_BuzzBoard.webp
Lavender,https://go.coldiq.com/lavender,https://cdn.prod.website-files.com/5ff75c18fc5ef3eb28dd5ad6/607c4d0c8c09f12cf645e8df_D-Lavender.avif
Leadzen,https://go.coldiq.com/leadzen,https://cdn.prod.website-files.com/5ff75c18fc5ef3eb28dd5ad6/662ce4feb09babfb88c70ad1_Leadzen.webp
ð¥ Octave,https://go.coldiq.com/octave,https://cdn.prod.website-files.com/5ff75c18fc5ef3eb28dd5ad6/660dab39c0a237ba0b533b48_Octave.jpeg
ð¥Humanlinker,https://go.coldiq.com/humanlinker,https://cdn.prod.website-files.com/5ff75c18fc5ef3eb28dd5ad6/63f70d959a104a778b8bb0c1_Humanlinker.jpeg
Humantic,https://go.coldiq.com/humantic,https://cdn.prod.website-files.com/5ff75c18fc5ef3eb28dd5ad6/6411cb534c9e4670d8ab641d_Humantic.jpeg
Crystal,https://go.coldiq.com/crystal,https://cdn.prod.website-files.com/5ff75c18fc5ef3eb28dd5ad6/632ee77d49442a8f23a366e0_CrystalKnows.avif
Hyperbound,https://go.coldiq.com/hyperbound,https://cdn.prod.website-files.com/5ff75c18fc5ef3eb28dd5ad6/651a539dcac08b07e4e7c76b_Hyperbound.jpeg
xiQ,https://go.coldiq.com/xiq,https://cdn.prod.website-files.com/5ff75c18fc5ef3eb28dd5ad6/65a6cfb6971e526ec970d2b5_xiQ.png
Dealintent,https://go.coldiq.com/dealintent,https://cdn.prod.website-files.com/5ff75c18fc5ef3eb28dd5ad6/65a944e5124d68ef375fed96_Dealintent.avif
AI Bees,https://go.coldiq.com/bees,https://cdn.prod.website-files.com/5ff75c18fc5ef3eb28dd5ad6/64f9e3e5393b15387257c9bc_ai-bees.avif
Revotas,https://go.coldiq.com/revotas,https://cdn.prod.website-files.com/5ff75c18fc5ef3eb28dd5ad6/66773291d7fe2c343a99dcec_revotas.avif
ð¥LaGrowthMachine,https://go.coldiq.com/lagrowthmachine,https://cdn.prod.website-files.com/5ff75c18fc5ef3eb28dd5ad6/6575bf2b0968ced23ea20735_LaGrowthMachine.webp
Puretalk,https://go.coldiq.com/puretalk,https://cdn.prod.website-files.com/5ff75c18fc5ef3eb28dd5ad6/6575bdeee8028ceaadb4cc7b_Puretalk.png
Crayon,https://go.coldiq.com/crayon,https://cdn.prod.website-files.com/5ff75c18fc5ef3eb28dd5ad6/66238b8d77d74333f521e439_crayon.jpeg
Botminds,https://go.coldiq.com/botminds,https://cdn.prod.website-files.com/5ff75c18fc5ef3eb28dd5ad6/66238b8d3e60afcd063c0cec_Botminds-AI.jpeg
Leadzen,https://go.coldiq.com/leadzen,https://cdn.prod.website-files.com/5ff75c18fc5ef3eb28dd5ad6/662ce4feb09babfb88c70ad1_Leadzen.webp
Air Traffic Control,https://go.coldiq.com/airtrafficcontrol,https://cdn.prod.website-files.com/5ff75c18fc5ef3eb28dd5ad6/665b05e33a06a0a4893af91e_Air-traffic-control.png
Validated AI,https://go.coldiq.com/validated,https://cdn.prod.website-files.com/5ff75c18fc5ef3eb28dd5ad6/667b50fda0c82b3591c842f0_Validated%20AI.png
Symson,https://go.coldiq.com/symson,https://cdn.prod.website-files.com/5ff75c18fc5ef3eb28dd5ad6/667e1232564e99354d8659fe_symson.avif
Competera,https://go.coldiq.com/competera,https://cdn.prod.website-files.com/5ff75c18fc5ef3eb28dd5ad6/667e13d4bfdd018309e2eeee_Competera.jpg
Digimind,https://go.coldiq.com/digimind,https://cdn.prod.website-files.com/5ff75c18fc5ef3eb28dd5ad6/66819badb1188daae447e054_Digimind.jpg
Avoma,https://go.coldiq.com/avoma,https://cdn.prod.website-files.com/5ff75c18fc5ef3eb28dd5ad6/608b0bc95f36fde999f44658_C-Avoma.jpeg
TruVoice,https://go.coldiq.com/truvoice,https://cdn.prod.website-files.com/5ff75c18fc5ef3eb28dd5ad6/66237b1d4f3a6dd94480f62c_TruVoice.jpeg
Particular Audience,https://go.coldiq.com/particularaudience,https://cdn.prod.website-files.com/5ff75c18fc5ef3eb28dd5ad6/667e0f5c3228814983322df5_Pricing%20intelligence.png
ð¥Breakcold,https://go.coldiq.com/breakcold,https://cdn.prod.website-files.com/5ff75c18fc5ef3eb28dd5ad6/64390efb7728355958507ed2_breakcold-icon-filled-256.avif
Leadbright,https://go.coldiq.com/leadbright,https://cdn.prod.website-files.com/5ff75c18fc5ef3eb28dd5ad6/64e5f701ddbb962623ee6560_Leadbright.avif
Sypher,https://go.coldiq.com/sypher,https://cdn.prod.website-files.com/5ff75c18fc5ef3eb28dd5ad6/657a480cf6422b57a03ee9c2_Sypher.avif
CaliberMind,https://go.coldiq.com/calibermind,https://cdn.prod.website-files.com/5ff75c18fc5ef3eb28dd5ad6/6599a3338825bd46f5be121a_CaliberMind.jpg
ActiveIQ,https://go.coldiq.com/activeconversion,https://cdn.prod.website-files.com/5ff75c18fc5ef3eb28dd5ad6/65a65ff0565ca7bde0bf1edb_ActiveIQ.avif
Penny,https://go.coldiq.com/penny,https://cdn.prod.website-files.com/5ff75c18fc5ef3eb28dd5ad6/65a82dcd152c0a0a82031284_Penny-AI.jpg
DealCoach,https://go.coldiq.com/dealcoach,https://cdn.prod.website-files.com/5ff75c18fc5ef3eb28dd5ad6/65c60b3f5b1ca9f7b9e2d74d_DealCoach.avif
Conversica,https://go.coldiq.com/conversica,https://cdn.prod.website-files.com/5ff75c18fc5ef3eb28dd5ad6/661c93e805c900f7a60732f6_Conversica.webp
Alore.io,https://go.coldiq.com/alore,https://cdn.prod.website-files.com/5ff75c18fc5ef3eb28dd5ad6/662cbe1ad676c8b6ba0a67ce_Alore.webp
Salesbox AI,https://go.coldiq.com/salesbox,https://cdn.prod.website-files.com/5ff75c18fc5ef3eb28dd5ad6/662276998e7ff5ed09885725_SalesboxAI.jpeg
Factors,https://go.coldiq.com/factors,https://cdn.prod.website-files.com/5ff75c18fc5ef3eb28dd5ad6/6679f5310622450303f49c94_Factors%20AI.jpg
Kenyt,https://go.coldiq.com/kenyt,https://cdn.prod.website-files.com/5ff75c18fc5ef3eb28dd5ad6/66238519b54cf9a0552760ce_Kenyt.jpeg
Twik,https://go.coldiq.com/twik,https://cdn.prod.website-files.com/5ff75c18fc5ef3eb28dd5ad6/667e1eb437459472806e224e_twik.jpg
RevSure,https://go.coldiq.com/revsure,https://cdn.prod.website-files.com/5ff75c18fc5ef3eb28dd5ad6/667e1bacb0cbf0a2cc842c4f_Revsure.avif
ð¥Breakcold,https://go.coldiq.com/breakcold,https://cdn.prod.website-files.com/5ff75c18fc5ef3eb28dd5ad6/64390efb7728355958507ed2_breakcold-icon-filled-256.avif
ð¥ HubSpot,https://go.coldiq.com/hubspot,https://cdn.prod.website-files.com/5ff75c18fc5ef3eb28dd5ad6/66818e7842278743f100d36d_HubSpot.jpg
ð¥ Instantly,https://go.coldiq.com/instantly,https://cdn.prod.website-files.com/5ff75c18fc5ef3eb28dd5ad6/634c438529d4e1f11b65b577_Instantly.avif
Folk,https://go.coldiq.com/folk,https://cdn.prod.website-files.com/5ff75c18fc5ef3eb28dd5ad6/64527ff4892d174b0d66a0b3_Folk.avif
Kenyt,https://go.coldiq.com/kenyt,https://cdn.prod.website-files.com/5ff75c18fc5ef3eb28dd5ad6/66238519b54cf9a0552760ce_Kenyt.jpeg
Kizen,https://go.coldiq.com/kizen,https://cdn.prod.website-files.com/5ff75c18fc5ef3eb28dd5ad6/6623875893ed75aef036ed22_Kizen.jpeg
ImpacTech,https://go.coldiq.com/impact,https://cdn.prod.website-files.com/5ff75c18fc5ef3eb28dd5ad6/662ce5dccb3e06695ed072c9_ImpacTech.webp
ClickUp,https://go.coldiq.com/clickup,https://cdn.prod.website-files.com/5ff75c18fc5ef3eb28dd5ad6/66818fd5261bb9fd061b3445_ClickUp.jpg
Monday,https://go.coldiq.com/monday,https://cdn.prod.website-files.com/5ff75c18fc5ef3eb28dd5ad6/668196d50dca7d8242f192d6_monday.jpg
NetSuite,https://go.coldiq.com/netsuite,https://cdn.prod.website-files.com/5ff75c18fc5ef3eb28dd5ad6/6681984fc4f3af721814dd96_netsuite_logo.jpg
Capsule,https://go.coldiq.com/capsule,https://cdn.prod.website-files.com/5ff75c18fc5ef3eb28dd5ad6/66819922a817374a76cb70cd_Capsule.jpg
Daily AI,https://go.coldiq.com/dailyai,https://cdn.prod.website-files.com/5ff75c18fc5ef3eb28dd5ad6/6681a6998ea4d963a5f2584b_Daily%20AI.png
Zoho,https://go.coldiq.com/zoho,https://cdn.prod.website-files.com/5ff75c18fc5ef3eb28dd5ad6/66847895d0d80bd974407db5_Zoho.jpg
Bitrix24,https://go.coldiq.com/bitrix24,https://cdn.prod.website-files.com/5ff75c18fc5ef3eb28dd5ad6/6684792561b5cd945710c13b_Bitrix24.avif
Asana,https://go.coldiq.com/asana,https://cdn.prod.website-files.com/5ff75c18fc5ef3eb28dd5ad6/668479e7adb47deecdfa9777_Asana.jpg
Odoo,https://go.coldiq.com/odoo,https://cdn.prod.website-files.com/5ff75c18fc5ef3eb28dd5ad6/66847a8e1368703e0e2c381d_Odoo.jpg
Freshworks,https://go.coldiq.com/freshworks,https://cdn.prod.website-files.com/5ff75c18fc5ef3eb28dd5ad6/667e09cbf07eeb213fa98853_freshworks.jpg
Postaga,https://go.coldiq.com/postaga,https://cdn.prod.website-files.com/5ff75c18fc5ef3eb28dd5ad6/667df56beac45e5659823ff0_postaga.jpg
Hyly,https://go.coldiq.com/hyly,https://cdn.prod.website-files.com/5ff75c18fc5ef3eb28dd5ad6/66772e55550e0b627a6fa396_hylyai.jpg
Cliengo,https://go.coldiq.com/cliengo,https://cdn.prod.website-files.com/5ff75c18fc5ef3eb28dd5ad6/66772bbc56953a6f9c1332f2_Cliengo.jpg
ð¥ Instantly,https://go.coldiq.com/instantly,https://cdn.prod.website-files.com/5ff75c18fc5ef3eb28dd5ad6/634c438529d4e1f11b65b577_Instantly.avif
ð¥ Common Room,https://go.coldiq.com/commonroom,https://cdn.prod.website-files.com/5ff75c18fc5ef3eb28dd5ad6/6592a4b47186680090094138_Common-Room.avif
ð¥ Unify,https://go.coldiq.com/unify,https://cdn.prod.website-files.com/5ff75c18fc5ef3eb28dd5ad6/666989a6de5aaa3c37fa549a_Unify.jpeg
RB2B,https://go.coldiq.com/rb2b,https://cdn.prod.website-files.com/5ff75c18fc5ef3eb28dd5ad6/65dc722a0680dbec26d9b404_RB2B.avif
Warmly,https://go.coldiq.com/warmly,https://cdn.prod.website-files.com/5ff75c18fc5ef3eb28dd5ad6/6529355ee67e6418ace0112b_Warmly.webp
Signals,https://go.coldiq.com/signals,https://cdn.prod.website-files.com/5ff75c18fc5ef3eb28dd5ad6/649f16596d5df918fdb9d640_Signals.avif
Factors,https://go.coldiq.com/factors,https://cdn.prod.website-files.com/5ff75c18fc5ef3eb28dd5ad6/6444d048b850977a000e5190_Factors.avif
Clearbit,https://go.coldiq.com/clearbit,https://cdn.prod.website-files.com/5ff75c18fc5ef3eb28dd5ad6/606242e1167c56eced8713c2_F-Clearbit.avif
Plena,https://go.coldiq.com/plena,https://cdn.prod.website-files.com/5ff75c18fc5ef3eb28dd5ad6/65a947edf11285e214f75924_Plena.jpg
Salesbox,https://go.coldiq.com/salesbox,https://cdn.prod.website-files.com/5ff75c18fc5ef3eb28dd5ad6/662276998e7ff5ed09885725_SalesboxAI.jpeg
6sense,https://go.coldiq.com/6sense,https://cdn.prod.website-files.com/5ff75c18fc5ef3eb28dd5ad6/64275b246c28f46627d81347_6Sense.jpg
Smartsupp,https://go.coldiq.com/smartsupp,https://cdn.prod.website-files.com/5ff75c18fc5ef3eb28dd5ad6/65a6e003124691e917eec109_Smartsupp.avif
ð¥lemlist,http://coldiq.com/tools/lemlist,https://cdn.prod.website-files.com/5ff75c18fc5ef3eb28dd5ad6/6661cd51396da0da4fe4095b_lemlist-logo.jpeg
ð¥ Unify,https://go.coldiq.com/unify,https://cdn.prod.website-files.com/5ff75c18fc5ef3eb28dd5ad6/666989a6de5aaa3c37fa549a_Unify.jpeg
ð¥ LaGrowthMachine,https://go.coldiq.com/lagrowthmachine,https://cdn.prod.website-files.com/5ff75c18fc5ef3eb28dd5ad6/6575bf2b0968ced23ea20735_LaGrowthMachine.webp
Apollo,https://go.coldiq.com/apollo,https://cdn.prod.website-files.com/5ff75c18fc5ef3eb28dd5ad6/6429e4ac8fbcbe52d4dfbd5d_Apollo.io.jpg
Reply,https://go.coldiq.com/reply,https://cdn.prod.website-files.com/5ff75c18fc5ef3eb28dd5ad6/64fa8992e1e2abfe667cf0e1_reply-io.avif
Amplemarket,https://go.coldiq.com/amplemarket,https://cdn.prod.website-files.com/5ff75c18fc5ef3eb28dd5ad6/606d7c17af9b601775bc79d5_E-Amplemarket.avif
SuperSend,https://go.coldiq.com/supersend,https://cdn.prod.website-files.com/5ff75c18fc5ef3eb28dd5ad6/646f760a2a5f0e470a28d7dd_Super%20Send.jpeg
Overloop.ai,https://go.coldiq.com/overloop.ai,https://cdn.prod.website-files.com/5ff75c18fc5ef3eb28dd5ad6/66bb40084c9a541664ffca34_overloop-ai.svg
Zeliq,https://go.coldiq.com/zeliq,https://cdn.prod.website-files.com/5ff75c18fc5ef3eb28dd5ad6/64da3162e34d05815decbdc6_Zeliq.jpeg
Outplay,https://go.coldiq.com/outplay,https://cdn.prod.website-files.com/5ff75c18fc5ef3eb28dd5ad6/642a01a550d474b1dcca8091_outplay.jpeg
Yesware,https://go.coldiq.com/yesware,https://cdn.prod.website-files.com/5ff75c18fc5ef3eb28dd5ad6/653823fb6980d58e363bd4e7_Yesware.avif
Fuel AI,https://go.coldiq.com/fuelai,https://cdn.prod.website-files.com/5ff75c18fc5ef3eb28dd5ad6/667e08c40778b7a0ee1a2c5b_fuel%20ai.png
Freshworks,https://go.coldiq.com/freshworks,https://cdn.prod.website-files.com/5ff75c18fc5ef3eb28dd5ad6/667e09cbf07eeb213fa98853_freshworks.jpg
Zaplify,https://go.coldiq.com/zaplify,https://cdn.prod.website-files.com/5ff75c18fc5ef3eb28dd5ad6/66c56017b887becd7cdc0d2e_Zaplify.jpg
ð¥Breakcold,https://go.coldiq.com/breakcold,https://cdn.prod.website-files.com/5ff75c18fc5ef3eb28dd5ad6/64390efb7728355958507ed2_breakcold-icon-filled-256.avif
Nektar,https://go.coldiq.com/nektar,https://cdn.prod.website-files.com/5ff75c18fc5ef3eb28dd5ad6/642b2e37e577994dc28f86db_Nektar.jpeg
Tubular,https://go.coldiq.com/tubular,https://cdn.prod.website-files.com/5ff75c18fc5ef3eb28dd5ad6/65fb318dbb77b2720e89b18c_Tubular-io.jpeg
Wyndy,https://go.coldiq.com/wyndy,https://cdn.prod.website-files.com/5ff75c18fc5ef3eb28dd5ad6/64fbd27519ae7b4621617535_Wyndy-co.png
ð¥Cockpit,https://go.coldiq.com/cockpit,https://cdn.prod.website-files.com/5ff75c18fc5ef3eb28dd5ad6/661168564894562998192962_Cockpit.avif
ð¥Glencoco,https://go.coldiq.com/glencoco,https://cdn.prod.website-files.com/5ff75c18fc5ef3eb28dd5ad6/656e5c91ae03c0b13dac7ca1_Glencoco.avif
Vendavo,https://go.coldiq.com/vendavo,https://cdn.prod.website-files.com/5ff75c18fc5ef3eb28dd5ad6/661cbe4beebef79d630ba9f4_Vendavo.jpg
ParticularAudience,https://go.coldiq.com/particularaudience,https://cdn.prod.website-files.com/5ff75c18fc5ef3eb28dd5ad6/667e0f5c3228814983322df5_Pricing%20intelligence.png
Verteego,https://go.coldiq.com/verteego,https://cdn.prod.website-files.com/5ff75c18fc5ef3eb28dd5ad6/667e115ede6bad751bc17229_Verteego.avif
Symson,https://go.coldiq.com/symson,https://cdn.prod.website-files.com/5ff75c18fc5ef3eb28dd5ad6/667e1232564e99354d8659fe_symson.avif
Pricefx,https://go.coldiq.com/pricefx,https://cdn.prod.website-files.com/5ff75c18fc5ef3eb28dd5ad6/667e12e9d28a70c07c98084c_price%20fx.jpg
Competera,https://go.coldiq.com/competera,https://cdn.prod.website-files.com/5ff75c18fc5ef3eb28dd5ad6/667e13d4bfdd018309e2eeee_Competera.jpg
PriceEdge,https://go.coldiq.com/priceedge,https://cdn.prod.website-files.com/5ff75c18fc5ef3eb28dd5ad6/667e14cc832cfbf0eade577e_priceedge.jpg
Omnia Retail,https://go.coldiq.com/omniaretail,https://cdn.prod.website-files.com/5ff75c18fc5ef3eb28dd5ad6/667e1601fde882eaac479e5e_omnia.jpg
Price2Spy,https://go.coldiq.com/price2spy,https://cdn.prod.website-files.com/5ff75c18fc5ef3eb28dd5ad6/667e17568f01ab47aaafb025_Price2spy.jpg
Quicklizard,https://go.coldiq.com/quicklizard,https://cdn.prod.website-files.com/5ff75c18fc5ef3eb28dd5ad6/667e197e573e3a29eb1f212c_quicklizard.jpg
AI Calls,https://go.coldiq.com/aicalls,https://cdn.prod.website-files.com/5ff75c18fc5ef3eb28dd5ad6/652a72d8b8dc5f55fe5ddf8b_AI-Calls-io.svg
Five9,https://go.coldiq.com/five9,https://cdn.prod.website-files.com/5ff75c18fc5ef3eb28dd5ad6/6536dd5a85b8c887c525c2eb_Five9.jpeg
Vonage,https://go.coldiq.com/vonage,https://cdn.prod.website-files.com/5ff75c18fc5ef3eb28dd5ad6/65382e38eb5b8e46111684f3_Vonage.avif
Curious Thing,https://go.coldiq.com/curiousthing,https://cdn.prod.website-files.com/5ff75c18fc5ef3eb28dd5ad6/6540a721f0834f49f4211a04_CuriousThing.png
Lindy,https://go.coldiq.com/lindy,https://cdn.prod.website-files.com/5ff75c18fc5ef3eb28dd5ad6/65531c5c8b8f5caf6726224a_Lindy.jpeg
AI Rudder,https://go.coldiq.com/airudder,https://cdn.prod.website-files.com/5ff75c18fc5ef3eb28dd5ad6/65633afdf514c92e0eedbe96_AI-Rudder.jpeg
Dialpad,https://go.coldiq.com/dialpad,https://cdn.prod.website-files.com/5ff75c18fc5ef3eb28dd5ad6/655b07b77a61b9c478ac02ff_dialpad.avif
Freshworks,https://go.coldiq.com/freshworks,https://cdn.prod.website-files.com/5ff75c18fc5ef3eb28dd5ad6/60956fb12369eabe26ff37ca_G-Freshworks.avif
CommBox,https://go.coldiq.com/commbox,https://cdn.prod.website-files.com/5ff75c18fc5ef3eb28dd5ad6/65a66481c5ba17ecbf8ddf22_CommBox.avif
Aloware,https://go.coldiq.com/aloware,https://cdn.prod.website-files.com/5ff75c18fc5ef3eb28dd5ad6/65a6d28b47cb56b598997ea0_Aloware.webp
Smartsupp,https://go.coldiq.com/smartsupp,https://cdn.prod.website-files.com/5ff75c18fc5ef3eb28dd5ad6/65a6e003124691e917eec109_Smartsupp.avif
Senti AI,https://go.coldiq.com/senti,https://cdn.prod.website-files.com/5ff75c18fc5ef3eb28dd5ad6/65a83480886d7a5b7fffc96d_Senti-AI.jpg
Reltio,https://go.coldiq.com/reltio,https://cdn.prod.website-files.com/5ff75c18fc5ef3eb28dd5ad6/661d22faaaa09044bfef0026_Reltio.webp
Balto,https://go.coldiq.com/balto,https://cdn.prod.website-files.com/5ff75c18fc5ef3eb28dd5ad6/66761f02d2be7e941f1956d8_balto.jpg
Certainly,https://go.coldiq.com/certainly,https://cdn.prod.website-files.com/5ff75c18fc5ef3eb28dd5ad6/667735d112011eabfea70bca_Certainly.avif
TruvaAI,https://go.coldiq.com/truva,https://cdn.prod.website-files.com/5ff75c18fc5ef3eb28dd5ad6/667a10e882e1af4bb476e6b6_truvaai_logo.jpg
VoiceLab,https://go.coldiq.com/voicelab,https://cdn.prod.website-files.com/5ff75c18fc5ef3eb28dd5ad6/667e1ce4d74f03e13c33287d_Voice%20Lab.png
Yellow,https://go.coldiq.com/yellow,https://cdn.prod.website-files.com/5ff75c18fc5ef3eb28dd5ad6/6681b2594a6659ab51222094_Yellow.jpg
Forethought,https://go.coldiq.com/forethought,https://cdn.prod.website-files.com/5ff75c18fc5ef3eb28dd5ad6/6681a9d6b1188daae4513fd8_Forethought.jpg
RoundView,https://go.coldiq.com/roundview,https://cdn.prod.website-files.com/5ff75c18fc5ef3eb28dd5ad6/66229bd517a60f9606fc3f68_RoundView.avif
Data Semantics,https://go.coldiq.com/datasemantics,https://cdn.prod.website-files.com/5ff75c18fc5ef3eb28dd5ad6/66229bd28f73d89fcf7d8c8d_Data-Semantics.jpeg
The Chat Shop,https://go.coldiq.com/thechatshop,https://cdn.prod.website-files.com/5ff75c18fc5ef3eb28dd5ad6/66229bd6ed3622924c783daf_TheChatShop.jpeg
Engage,https://go.coldiq.com/engage,https://cdn.prod.website-files.com/5ff75c18fc5ef3eb28dd5ad6/66229bd53e5040958fa1e64b_Engage.jpeg
Botsify,https://go.coldiq.com/botsify,https://cdn.prod.website-files.com/5ff75c18fc5ef3eb28dd5ad6/66229bd56eceb3b18fe6c186_Botsify.avif
Infinity,https://go.coldiq.com/infinity,https://cdn.prod.website-files.com/5ff75c18fc5ef3eb28dd5ad6/66237b0fefa66c07a8acacbc_Infinity.jpeg
Kenyt,https://go.coldiq.com/kenyt,https://cdn.prod.website-files.com/5ff75c18fc5ef3eb28dd5ad6/66238519b54cf9a0552760ce_Kenyt.jpeg
Fluid AI,https://go.coldiq.com/fluid,https://cdn.prod.website-files.com/5ff75c18fc5ef3eb28dd5ad6/667642e0d0b72654f45a92a5_Fluid%20AI.jpg
Smartsupp,https://go.coldiq.com/smartsupp,https://cdn.prod.website-files.com/5ff75c18fc5ef3eb28dd5ad6/65a6e003124691e917eec109_Smartsupp.avif
Cresta,https://go.coldiq.com/cresta,https://cdn.prod.website-files.com/5ff75c18fc5ef3eb28dd5ad6/661c907b8d99b78ec3ee4d9c_Cresta.webp
Explainit,https://go.coldiq.com/explainit,https://cdn.prod.website-files.com/5ff75c18fc5ef3eb28dd5ad6/66848eae1e1c0d04f9ef7889_Explain%20it.png
GetVocal,https://go.coldiq.com/getvocal,https://cdn.prod.website-files.com/5ff75c18fc5ef3eb28dd5ad6/66835219a9ae2fd3dafb18dd_get%20vocal.jpg
ChatBot,https://go.coldiq.com/chatbot,https://cdn.prod.website-files.com/5ff75c18fc5ef3eb28dd5ad6/667df69704f3653570f2b7bc_Chatbot.avif
Chatchamp,https://go.coldiq.com/chatchamp,https://cdn.prod.website-files.com/5ff75c18fc5ef3eb28dd5ad6/667df8c0024626a0fde6f7e6_Chatchamp.jpg
Floatbot,https://go.coldiq.com/floatbot,https://cdn.prod.website-files.com/5ff75c18fc5ef3eb28dd5ad6/667dfcfcfa9062a4f7cd9f3a_floatbot.jpg
Yosh.AI,https://go.coldiq.com/yosh,https://cdn.prod.website-files.com/5ff75c18fc5ef3eb28dd5ad6/667dfef28565ee087da200b4_yosh%20ai.jpg
Datahug,https://go.coldiq.com/datahug,https://cdn.prod.website-files.com/5ff75c18fc5ef3eb28dd5ad6/6688906a93250e3d765e7867_datahug_logo.jpg
Nurture.ai,https://go.coldiq.com/teledrip,https://cdn.prod.website-files.com/5ff75c18fc5ef3eb28dd5ad6/6688996783397608f020450c_Nurture.avif
Intercom,https://go.coldiq.com/intercom,https://cdn.prod.website-files.com/5ff75c18fc5ef3eb28dd5ad6/66c5514f1d8169ebfd5ddd68_Intercom.avif
Cartesia,https://go.coldiq.com/cartesia,https://cdn.prod.website-files.com/5ff75c18fc5ef3eb28dd5ad6/66c5520afb4788aa78b1c9d5_Cartesia.jpg
Revenue.io,https://go.coldiq.com/revenue.io,https://cdn.prod.website-files.com/5ff75c18fc5ef3eb28dd5ad6/66237b1d8c1b2fe3de002c13_Revenue-io.jpeg
Infinity,https://go.coldiq.com/infinity,https://cdn.prod.website-files.com/5ff75c18fc5ef3eb28dd5ad6/66237b0fefa66c07a8acacbc_Infinity.jpeg
Custom GPT,https://go.coldiq.com/customgpt,https://cdn.prod.website-files.com/5ff75c18fc5ef3eb28dd5ad6/665ab50204b7d9cbbc77920e_Custom-GPT.png
VoiceBase,https://go.coldiq.com/voicebase,https://cdn.prod.website-files.com/5ff75c18fc5ef3eb28dd5ad6/66237c5f6b61c103234adc2b_VoiceBase.jpeg
Gryphon,https://go.coldiq.com/gryphon,https://cdn.prod.website-files.com/5ff75c18fc5ef3eb28dd5ad6/655f8b21a727fbe758ae1fef_Gryphon.jpeg
Avoma,https://go.coldiq.com/avoma,https://cdn.prod.website-files.com/5ff75c18fc5ef3eb28dd5ad6/608b0bc95f36fde999f44658_C-Avoma.jpeg
TruVoice,https://go.coldiq.com/truvoice,https://cdn.prod.website-files.com/5ff75c18fc5ef3eb28dd5ad6/66237b1d4f3a6dd94480f62c_TruVoice.jpeg
Tarci,https://go.coldiq.com/tarci,https://cdn.prod.website-files.com/5ff75c18fc5ef3eb28dd5ad6/66237b0ad3e89f832631b71a_Tarci.jpeg
Genus One,https://go.coldiq.com/genusone,https://cdn.prod.website-files.com/5ff75c18fc5ef3eb28dd5ad6/66237b1d6b61c1032349d169_Genus-One.jpeg
Revotas,https://go.coldiq.com/revotas,https://cdn.prod.website-files.com/5ff75c18fc5ef3eb28dd5ad6/66773291d7fe2c343a99dcec_revotas.avif
Hook,https://go.coldiq.com/hook,https://cdn.prod.website-files.com/5ff75c18fc5ef3eb28dd5ad6/665b071b3a06a0a4893bebab_Hook.avif
TruvaAI,https://go.coldiq.com/truva,https://cdn.prod.website-files.com/5ff75c18fc5ef3eb28dd5ad6/667a10e882e1af4bb476e6b6_truvaai_logo.jpg
Sprig,https://go.coldiq.com/sprig,https://cdn.prod.website-files.com/5ff75c18fc5ef3eb28dd5ad6/667b413178e0517ea59f6d11_Sprig.avif
Insight7,https://go.coldiq.com/insight7,https://cdn.prod.website-files.com/5ff75c18fc5ef3eb28dd5ad6/667b4219861b09ec616abcd1_insight.avif
Landbot,https://go.coldiq.com/landbot,https://cdn.prod.website-files.com/5ff75c18fc5ef3eb28dd5ad6/64d2a18afe2464e5b1a68a77_landbot-io.avif
Kindly,https://go.coldiq.com/kindly,https://cdn.prod.website-files.com/5ff75c18fc5ef3eb28dd5ad6/66229bd59dfede235d50e474_Kindly.jpeg
Regie,https://go.coldiq.com/regie,https://cdn.prod.website-files.com/5ff75c18fc5ef3eb28dd5ad6/63ec7b37f0ed2164e44cfe1a_RegieAI.avif
Bridge,https://go.coldiq.com/bridge,https://cdn.prod.website-files.com/5ff75c18fc5ef3eb28dd5ad6/668489792505f244d5e0f9ab_bridge.avif
Retina,https://go.coldiq.com/retina,https://cdn.prod.website-files.com/5ff75c18fc5ef3eb28dd5ad6/667e01594fb0c27defd21d53_Retina%20AI.jpg
Segment,https://go.coldiq.com/segment,https://cdn.prod.website-files.com/5ff75c18fc5ef3eb28dd5ad6/667e057fd28a70c07c901348_twilio%20segment.jpg
Jiminny,https://go.coldiq.com/jiminny,https://cdn.prod.website-files.com/5ff75c18fc5ef3eb28dd5ad6/66237be2bddd1c6770596e99_Jiminny.jpeg
Nurture.ai,https://go.coldiq.com/teledrip,https://cdn.prod.website-files.com/5ff75c18fc5ef3eb28dd5ad6/6688996783397608f020450c_Nurture.avif
Flowbox,https://go.coldiq.com/photoslurp,https://cdn.prod.website-files.com/5ff75c18fc5ef3eb28dd5ad6/66889a82d3838cc2dd97924c_flowbox-logo-white-small.jpg
Jeeva,https://go.coldiq.com/involve,https://cdn.prod.website-files.com/5ff75c18fc5ef3eb28dd5ad6/6688a124727076417d763089_Jeeva-Dark.png
Feedstack,https://go.coldiq.com/feedstack,https://cdn.prod.website-files.com/5ff75c18fc5ef3eb28dd5ad6/66c5539fe96f96279772514f_Feedstack%20(1).avif
ð¥ Glencoco,https://go.coldiq.com/glencoco,https://cdn.prod.website-files.com/5ff75c18fc5ef3eb28dd5ad6/656e5c91ae03c0b13dac7ca1_Glencoco.avif
ð¥GetVocal,https://go.coldiq.com/getvocal,https://cdn.prod.website-files.com/5ff75c18fc5ef3eb28dd5ad6/66835219a9ae2fd3dafb18dd_get%20vocal.jpg
Bland,https://go.coldiq.com/bland,https://cdn.prod.website-files.com/5ff75c18fc5ef3eb28dd5ad6/64f7668dbd33abc240263822_bland-ai.jpeg
Jinni AI,https://go.coldiq.com/jinni,https://cdn.prod.website-files.com/5ff75c18fc5ef3eb28dd5ad6/64f76720b641d28711f496e5_Jinni-ai.jpeg
Air,https://go.coldiq.com/air,https://cdn.prod.website-files.com/5ff75c18fc5ef3eb28dd5ad6/6501bc5683656d12abe15018_Air%20AI.avif
AI Calls,https://go.coldiq.com/aicalls,https://cdn.prod.website-files.com/5ff75c18fc5ef3eb28dd5ad6/652a72d8b8dc5f55fe5ddf8b_AI-Calls-io.svg
Five9,https://go.coldiq.com/five9,https://cdn.prod.website-files.com/5ff75c18fc5ef3eb28dd5ad6/6536dd5a85b8c887c525c2eb_Five9.jpeg
Curious Thing,https://go.coldiq.com/curiousthing,https://cdn.prod.website-files.com/5ff75c18fc5ef3eb28dd5ad6/6540a721f0834f49f4211a04_CuriousThing.png
ð¥Qwilr,https://go.coldiq.com/qwilr,https://cdn.prod.website-files.com/5ff75c18fc5ef3eb28dd5ad6/608b0bdc9671ab14a5f37ecd_C-Qwirl.avif
ð¥ Glencoco,https://go.coldiq.com/glencoco,https://cdn.prod.website-files.com/5ff75c18fc5ef3eb28dd5ad6/656e5c91ae03c0b13dac7ca1_Glencoco.avif
ð¥ Cockpit,https://go.coldiq.com/cockpit,https://cdn.prod.website-files.com/5ff75c18fc5ef3eb28dd5ad6/661168564894562998192962_Cockpit.avif
SellMeThisPen,https://go.coldiq.com/sellmethispen,https://cdn.prod.website-files.com/5ff75c18fc5ef3eb28dd5ad6/6582927db0aac62fc23b0722_SellMeThisPen.webp
Astrolabe,https://go.coldiq.com/astrolabe,https://cdn.prod.website-files.com/5ff75c18fc5ef3eb28dd5ad6/65a02b6ca18acac4278df8f6_Astrolabe.avif
Ravyn,https://go.coldiq.com/ravyn,https://cdn.prod.website-files.com/5ff75c18fc5ef3eb28dd5ad6/659ed4a9f573dc9c4d86941b_Ravyn.webp
DealCoach,https://go.coldiq.com/dealcoach,https://cdn.prod.website-files.com/5ff75c18fc5ef3eb28dd5ad6/65c60b3f5b1ca9f7b9e2d74d_DealCoach.avif
Imprint AI,https://go.coldiq.com/imprint,https://cdn.prod.website-files.com/5ff75c18fc5ef3eb28dd5ad6/661d289d48bcd4a1f2c9d8e6_Imprint-AI.webp
Foureyes,https://go.coldiq.com/foureyes,https://cdn.prod.website-files.com/5ff75c18fc5ef3eb28dd5ad6/662ccbf5d0e9217e80b2154d_Foureyes.webp
AssetMule,https://go.coldiq.com/assetmule,https://cdn.prod.website-files.com/5ff75c18fc5ef3eb28dd5ad6/665b41aae453e19aabfda707_AssetMule.jpeg
Chambr,https://go.coldiq.com/chambr,https://cdn.prod.website-files.com/5ff75c18fc5ef3eb28dd5ad6/665af95b4f33338b5c57ff0b_Chambr.jpeg
First Touch,https://go.coldiq.com/firsttouch,https://cdn.prod.website-files.com/5ff75c18fc5ef3eb28dd5ad6/665b425dbb293eb3cdee841a_First-Touch.png
AiSight,https://go.coldiq.com/aisight,https://cdn.prod.website-files.com/5ff75c18fc5ef3eb28dd5ad6/66762befd0b72654f44cac10_aisight.jpg
SetSail,https://go.coldiq.com/setsail,https://cdn.prod.website-files.com/5ff75c18fc5ef3eb28dd5ad6/6562433c752a8dbde972c3b4_Setsail.jpeg
Accent,https://go.coldiq.com/accent,https://cdn.prod.website-files.com/5ff75c18fc5ef3eb28dd5ad6/65a82856d38d35165227b9a5_Accent.png
Amplemarket,https://go.coldiq.com/amplemarket,https://cdn.prod.website-files.com/5ff75c18fc5ef3eb28dd5ad6/6679f39c51f3e02a44423f46_Amplemarket.jpg
Revenue,https://go.coldiq.com/revenue.io,https://cdn.prod.website-files.com/5ff75c18fc5ef3eb28dd5ad6/66237b1d8c1b2fe3de002c13_Revenue-io.jpeg
Jiminny,https://go.coldiq.com/jiminny,https://cdn.prod.website-files.com/5ff75c18fc5ef3eb28dd5ad6/66237be2bddd1c6770596e99_Jiminny.jpeg
Avoma,https://go.coldiq.com/avoma,https://cdn.prod.website-files.com/5ff75c18fc5ef3eb28dd5ad6/608b0bc95f36fde999f44658_C-Avoma.jpeg
TruVoice,https://go.coldiq.com/truvoice,https://cdn.prod.website-files.com/5ff75c18fc5ef3eb28dd5ad6/66237b1d4f3a6dd94480f62c_TruVoice.jpeg
Copilot AI,https://go.coldiq.com/copilot,https://cdn.prod.website-files.com/5ff75c18fc5ef3eb28dd5ad6/65395e1a9846d9e3a3e4754d_CoPilot.avif
Quantified,https://go.coldiq.com/quantified,https://cdn.prod.website-files.com/5ff75c18fc5ef3eb28dd5ad6/6676271dbdeeefc8f0bc28d8_Quantified.jpg
Emplay,https://go.coldiq.com/emplay,https://cdn.prod.website-files.com/5ff75c18fc5ef3eb28dd5ad6/66763849647eebb06551b40d_emplay.avif
Quantyfy,https://go.coldiq.com/quantyfy,https://cdn.prod.website-files.com/5ff75c18fc5ef3eb28dd5ad6/668882c9f9d99023631a6474_quantyfy_logo.jpg
Substrata,https://go.coldiq.com/substrata,https://cdn.prod.website-files.com/5ff75c18fc5ef3eb28dd5ad6/65a829de88d361d870c12de6_Substrata.avif
Awarathon,https://go.coldiq.com/awarathon,https://cdn.prod.website-files.com/5ff75c18fc5ef3eb28dd5ad6/667733ba98253075304a20ea_awarathon.avif
ð¥Breakcold,https://go.coldiq.com/breakcold,https://cdn.prod.website-files.com/5ff75c18fc5ef3eb28dd5ad6/64390efb7728355958507ed2_breakcold-icon-filled-256.avif
Aviso,https://go.coldiq.com/aviso,https://cdn.prod.website-files.com/5ff75c18fc5ef3eb28dd5ad6/65a662249b4dab4f4c8525b7_Aviso.jpg
Hook,https://go.coldiq.com/hook,https://cdn.prod.website-files.com/5ff75c18fc5ef3eb28dd5ad6/665b071b3a06a0a4893bebab_Hook.avif
RevSure,https://go.coldiq.com/revsure,https://cdn.prod.website-files.com/5ff75c18fc5ef3eb28dd5ad6/667e1bacb0cbf0a2cc842c4f_Revsure.avif
Jiminny,https://go.coldiq.com/jiminny,https://cdn.prod.website-files.com/5ff75c18fc5ef3eb28dd5ad6/66237be2bddd1c6770596e99_Jiminny.jpeg
Revenue,https://go.coldiq.com/revenue.io,https://cdn.prod.website-files.com/5ff75c18fc5ef3eb28dd5ad6/66237b1d8c1b2fe3de002c13_Revenue-io.jpeg
Avoma,https://go.coldiq.com/avoma,https://cdn.prod.website-files.com/5ff75c18fc5ef3eb28dd5ad6/608b0bc95f36fde999f44658_C-Avoma.jpeg
Unscrambl,https://go.coldiq.com/unscrambl,https://cdn.prod.website-files.com/5ff75c18fc5ef3eb28dd5ad6/66764a31b735cd9a2fb25640_unscrambl.jpg
Verteego,https://go.coldiq.com/verteego,https://cdn.prod.website-files.com/5ff75c18fc5ef3eb28dd5ad6/667e115ede6bad751bc17229_Verteego.avif
Capsule CRM,https://go.coldiq.com/capsule,https://cdn.prod.website-files.com/5ff75c18fc5ef3eb28dd5ad6/66819922a817374a76cb70cd_Capsule.jpg
Datahug,https://go.coldiq.com/datahug,https://cdn.prod.website-files.com/5ff75c18fc5ef3eb28dd5ad6/6688906a93250e3d765e7867_datahug_logo.jpg
Forma,https://go.coldiq.com/forma,https://cdn.prod.website-files.com/5ff75c18fc5ef3eb28dd5ad6/6623a38994d863895b3cae5e_Forma.jpeg
SetSail,https://go.coldiq.com/setsail,https://cdn.prod.website-files.com/5ff75c18fc5ef3eb28dd5ad6/6562433c752a8dbde972c3b4_Setsail.jpeg
Everstage,https://go.coldiq.com/everstage,https://cdn.prod.website-files.com/5ff75c18fc5ef3eb28dd5ad6/6623b34afd9f586ebc6a4f3c_Everstage.webp
Spiff,https://go.coldiq.com/spiff,https://cdn.prod.website-files.com/5ff75c18fc5ef3eb28dd5ad6/6623b34677963cf4de4e5691_Spiff.webp
CaptivateIQ,https://go.coldiq.com/captivate,https://cdn.prod.website-files.com/5ff75c18fc5ef3eb28dd5ad6/6623b349e83241ec49aba478_CaptivateIQ.webp
QuotaPath,https://go.coldiq.com/quotapath,https://cdn.prod.website-files.com/5ff75c18fc5ef3eb28dd5ad6/6623b3e80210e3a584f8fc79_QuotaPath.webp
Xactly,https://go.coldiq.com/xactly,https://cdn.prod.website-files.com/5ff75c18fc5ef3eb28dd5ad6/6623b3499657de5ebfdec201_Xactly.webp
Performio,https://go.coldiq.com/performio,https://cdn.prod.website-files.com/5ff75c18fc5ef3eb28dd5ad6/6623b34a9ca8198198c5f8be_Performio.webp
OpenComp,https://go.coldiq.com/opencomp,https://cdn.prod.website-files.com/5ff75c18fc5ef3eb28dd5ad6/6623b3566054b3cc51d73bd6_OpenComp.webp
Sales Cookie,https://go.coldiq.com/salescookie,https://cdn.prod.website-files.com/5ff75c18fc5ef3eb28dd5ad6/6623b476ac665c1d6179aab1_Sales-Cookie.png
Aviso,https://go.coldiq.com/aviso,https://cdn.prod.website-files.com/5ff75c18fc5ef3eb28dd5ad6/65a662249b4dab4f4c8525b7_Aviso.jpg
OptimateAI,https://go.coldiq.com/optimateai,https://cdn.prod.website-files.com/5ff75c18fc5ef3eb28dd5ad6/667b519fa68f727fd19922e0_Optimate%20AI.jpg
Conversica,https://go.coldiq.com/conversica,https://cdn.prod.website-files.com/5ff75c18fc5ef3eb28dd5ad6/661c93e805c900f7a60732f6_Conversica.webp
Cresta,https://go.coldiq.com/cresta,https://cdn.prod.website-files.com/5ff75c18fc5ef3eb28dd5ad6/661c907b8d99b78ec3ee4d9c_Cresta.webp
RoundView,https://go.coldiq.com/roundview,https://cdn.prod.website-files.com/5ff75c18fc5ef3eb28dd5ad6/66229bd517a60f9606fc3f68_RoundView.avif
BotUp,https://go.coldiq.com/botup,https://cdn.prod.website-files.com/5ff75c18fc5ef3eb28dd5ad6/66229bd3ee085fa19a8815ec_BotUp.jpeg
Landbot,https://go.coldiq.com/landbot,https://cdn.prod.website-files.com/5ff75c18fc5ef3eb28dd5ad6/64d2a18afe2464e5b1a68a77_landbot-io.avif
Data Semantics,https://go.coldiq.com/datasemantics,https://cdn.prod.website-files.com/5ff75c18fc5ef3eb28dd5ad6/66229bd28f73d89fcf7d8c8d_Data-Semantics.jpeg
The Chat Shop,https://go.coldiq.com/thechatshop,https://cdn.prod.website-files.com/5ff75c18fc5ef3eb28dd5ad6/66229bd6ed3622924c783daf_TheChatShop.jpeg
Kindly,https://go.coldiq.com/kindly,https://cdn.prod.website-files.com/5ff75c18fc5ef3eb28dd5ad6/66229bd59dfede235d50e474_Kindly.jpeg
Sanuker,https://go.coldiq.com/sanuker,https://cdn.prod.website-files.com/5ff75c18fc5ef3eb28dd5ad6/6622a43e43f1bf23930a4c79_Sanuker.webp
Engage,https://go.coldiq.com/engage,https://cdn.prod.website-files.com/5ff75c18fc5ef3eb28dd5ad6/66229bd53e5040958fa1e64b_Engage.jpeg
Botsify,https://go.coldiq.com/botsify,https://cdn.prod.website-files.com/5ff75c18fc5ef3eb28dd5ad6/66229bd56eceb3b18fe6c186_Botsify.avif
Chatfuel,https://go.coldiq.com/chatfuel,https://cdn.prod.website-files.com/5ff75c18fc5ef3eb28dd5ad6/667729f3dcc184ba449fab75_Chatfuel.jpg
Ringy,https://go.coldiq.com/ringy,https://cdn.prod.website-files.com/5ff75c18fc5ef3eb28dd5ad6/66772aa00802dbb141895c75_Ringy.jpg
Cliengo,https://go.coldiq.com/cliengo,https://cdn.prod.website-files.com/5ff75c18fc5ef3eb28dd5ad6/66772bbc56953a6f9c1332f2_Cliengo.jpg
Hyly,https://go.coldiq.com/hyly,https://cdn.prod.website-files.com/5ff75c18fc5ef3eb28dd5ad6/66772e55550e0b627a6fa396_hylyai.jpg
BotBuilders,https://go.coldiq.com/botbuilder,https://cdn.prod.website-files.com/5ff75c18fc5ef3eb28dd5ad6/66772f5bea7a382f61ffadec_BotBuilders.avif
WotNot,https://go.coldiq.com/wotnot,https://cdn.prod.website-files.com/5ff75c18fc5ef3eb28dd5ad6/6677315f5ab5aab748872119_wotnot.jpg
FastBots,https://go.coldiq.com/fastbots,https://cdn.prod.website-files.com/5ff75c18fc5ef3eb28dd5ad6/667b4b988859dfe1fccefb6c_FastBots.avif
ChatBot,https://go.coldiq.com/chatbot,https://cdn.prod.website-files.com/5ff75c18fc5ef3eb28dd5ad6/667df69704f3653570f2b7bc_Chatbot.avif
Alan AI,https://go.coldiq.com/alan,https://cdn.prod.website-files.com/5ff75c18fc5ef3eb28dd5ad6/667df769553f7222223de29f_Alan%20AI.jpg
Chatchamp,https://go.coldiq.com/chatchamp,https://cdn.prod.website-files.com/5ff75c18fc5ef3eb28dd5ad6/667df8c0024626a0fde6f7e6_Chatchamp.jpg
Instabot,https://go.coldiq.com/instabot,https://cdn.prod.website-files.com/5ff75c18fc5ef3eb28dd5ad6/667dfa286151daa58b2f47ac_INstabot.avif
Chatme,https://go.coldiq.com/chatme,https://cdn.prod.website-files.com/5ff75c18fc5ef3eb28dd5ad6/667dfb1c0894787a46ac6c4b_chat%20me.jpg
Floatbot,https://go.coldiq.com/floatbot,https://cdn.prod.website-files.com/5ff75c18fc5ef3eb28dd5ad6/667dfcfcfa9062a4f7cd9f3a_floatbot.jpg
Smoc.AI,https://go.coldiq.com/smoc,https://cdn.prod.website-files.com/5ff75c18fc5ef3eb28dd5ad6/667dfe0c310d70e2e463a47d_smoc.jpg
Yosh.AI,https://go.coldiq.com/yosh,https://cdn.prod.website-files.com/5ff75c18fc5ef3eb28dd5ad6/667dfef28565ee087da200b4_yosh%20ai.jpg
Konverse AI,https://go.coldiq.com/konverse,https://cdn.prod.website-files.com/5ff75c18fc5ef3eb28dd5ad6/6681a7ba0dca7d8242fce3ff_konverse_ai_logo.jpg
247ChatApp,https://go.coldiq.com/247chatapp,https://cdn.prod.website-files.com/5ff75c18fc5ef3eb28dd5ad6/6681a8bf5d234412f75ac8c8_247%20chatapp.jpg
Forethought,https://go.coldiq.com/forethought,https://cdn.prod.website-files.com/5ff75c18fc5ef3eb28dd5ad6/6681a9d6b1188daae4513fd8_Forethought.jpg
Nurture.ai,https://go.coldiq.com/teledrip,https://cdn.prod.website-files.com/5ff75c18fc5ef3eb28dd5ad6/6688996783397608f020450c_Nurture.avif
Smartsupp,https://go.coldiq.com/smartsupp,https://cdn.prod.website-files.com/5ff75c18fc5ef3eb28dd5ad6/65a6e003124691e917eec109_Smartsupp.avif
Certainly,https://go.coldiq.com/certainly,https://cdn.prod.website-files.com/5ff75c18fc5ef3eb28dd5ad6/667735d112011eabfea70bca_Certainly.avif
Exceed.ai,https://go.coldiq.com/exceed,https://cdn.prod.website-files.com/5ff75c18fc5ef3eb28dd5ad6/64f74c06248e0832bb64b395_exceed-ai.avif
SermoAI,https://go.coldiq.com/sermo,https://cdn.prod.website-files.com/5ff75c18fc5ef3eb28dd5ad6/66aeeb2a5375e141b41aec05_SERMOAI.avif
Sonar,https://go.coldiq.com/sonar,https://cdn.prod.website-files.com/5ff75c18fc5ef3eb28dd5ad6/667736f9aa1079672cb497a3_Sonar.avif
Hachly,https://go.coldiq.com/hachly,https://cdn.prod.website-files.com/5ff75c18fc5ef3eb28dd5ad6/66c556904946e2d0d0952e35_Hachly.jpg
Chatsimple,https://go.coldiq.com/chatsimple,https://cdn.prod.website-files.com/5ff75c18fc5ef3eb28dd5ad6/66c558d64946e2d0d09786ea_Chatsimple.avif
OpenAI,https://go.coldiq.com/openai,https://cdn.prod.website-files.com/5ff75c18fc5ef3eb28dd5ad6/662cac0968c6566dc2909044_OpenAI.webp
Claude,https://go.coldiq.com/claude,https://cdn.prod.website-files.com/5ff75c18fc5ef3eb28dd5ad6/662cadc37bb96441a4920081_Claude.webp
OpenRouter,https://go.coldiq.com/openrouter,https://cdn.prod.website-files.com/5ff75c18fc5ef3eb28dd5ad6/663d32d0101bf9b8a16b14c0_OpenRouter.jpg
Gemini,https://go.coldiq.com/gemini,https://cdn.prod.website-files.com/5ff75c18fc5ef3eb28dd5ad6/662cae34b09babfb88979372_Gemini.webp
Cohere,https://go.coldiq.com/cohere,https://cdn.prod.website-files.com/5ff75c18fc5ef3eb28dd5ad6/662caf3c1110cb1846f84e4b_Cohere.webp
Mistral AI,https://go.coldiq.com/mistral,https://cdn.prod.website-files.com/5ff75c18fc5ef3eb28dd5ad6/662cb00da85c977101f8b0e3_Mistral-AI.webp
Llama 3,https://go.coldiq.com/llama3,https://cdn.prod.website-files.com/5ff75c18fc5ef3eb28dd5ad6/662cb0b3d0e9217e809b0322_Meta-Llama-3.webp
AI/ML API,https://go.coldiq.com/aimlapi,https://cdn.prod.website-files.com/5ff75c18fc5ef3eb28dd5ad6/663d34cae1c505fc93559709_AIML-API.png
Perplexity AI,https://go.coldiq.com/perplexity,https://cdn.prod.website-files.com/5ff75c18fc5ef3eb28dd5ad6/662cb197698ebae1d10315a6_Perplexity.webp
Falcon Models,https://go.coldiq.com/falcon,https://cdn.prod.website-files.com/5ff75c18fc5ef3eb28dd5ad6/662cb8016def1e1209c080b1_Falcon-AI.webp
Cluep,https://go.coldiq.com/cluep,https://cdn.prod.website-files.com/5ff75c18fc5ef3eb28dd5ad6/663d58abfeb443dd74771c9e_Cluep.jpeg
Falcon Models,https://go.coldiq.com/voiceflow,https://cdn.prod.website-files.com/5ff75c18fc5ef3eb28dd5ad6/663d5934203a838e91c48503_Voiceflow.jpeg
Superwhisper,https://go.coldiq.com/superwhisper,https://cdn.prod.website-files.com/5ff75c18fc5ef3eb28dd5ad6/667b433c1b567aa6b91c4777_superwhisper_logo.jpg
Hugging Face,https://go.coldiq.com/huggingface,https://cdn.prod.website-files.com/5ff75c18fc5ef3eb28dd5ad6/667b45003df23bbeb5a4eb68_Hugging%20face.png
